,%,cumulative,self,self,total,,
,time,seconds,seconds,calls,s/call,s/call,name
0,11.43,10.684000000000001,8.959999999999999,7148160.0,0.0,0.0,adv_center_
1,10.35,20.494,8.114,7989120.0,0.0,0.0,__mtridiagonal_MOD_tridiagonal
2,9.879999999999999,19.784,7.752,265885417.0,0.0,0.0,__output_operators_time_average_MOD_new_data
3,7.418000000000001,30.642000000000003,5.816,1261446.0,0.0,0.0,__fabm_work_MOD_begin_interior_task
4,6.856,36.016,5.3740000000000006,280322.0,0.0,0.0,__ersem_microzooplankton_MOD_do
5,5.366,40.22,4.204,7708800.0,0.0,0.0,diff_center_
6,4.242,44.164,3.3259999999999996,560644.0,0.0,0.0,__ersem_primary_producer_MOD_do
7,3.882,45.982000000000006,3.044,14156261.0,0.0,0.0,__ersem_carbonate_MOD_co2dyn
8,3.524,50.448,2.7640000000000002,140161.0,0.0,0.0,__ersem_mesozooplankton_MOD_do
9,3.25,52.452,2.548,265905871.0,0.0,0.0,__output_operators_base_MOD_before_save
10,2.7119999999999997,55.552,2.1260000000000003,267845871.0,0.0,0.0,__output_manager_core_MOD_field_flag_as_required
11,2.598,56.596000000000004,2.04,267845760.0,0.0,0.0,__output_operators_base_MOD_flag_as_required
12,2.5740000000000003,56.641999999999996,2.024,265883520.0,0.0,0.0,__output_operators_time_average_MOD_flag_as_required
13,2.07,60.370000000000005,1.6239999999999999,280320.0,0.0,0.0,__fabm_MOD_check_interior_state
14,2.008,61.108000000000004,1.572,140161.0,0.0,0.0,__ersem_bacteria_docdyn_MOD_do
15,1.998,61.072,1.568,1681928.0,0.0,0.0,__fabm_work_MOD_begin_horizontal_task
16,1.486,64.02000000000001,1.1640000000000001,140160.0,0.0,0.0,__gotm_fabm_MOD_do_gotm_fabm
17,1.106,64.888,0.868,140161.0,0.0,0.0,__output_manager_MOD_output_manager_save2
18,0.8140000000000001,66.11,0.638,56624644.0,0.0,0.0,__ersem_primary_producer_MOD_get_sinking_rate
19,0.796,66.162,0.626,1681926.0,0.0,0.0,__fabm_work_MOD_process_horizontal_slice
20,0.6799999999999999,67.262,0.532,1261445.0,0.0,0.0,__fabm_work_MOD_process_interior_slice
21,0.678,67.22999999999999,0.532,1261449.0,0.0,0.0,__fabm_builtin_sum_MOD_weighted_sum_do
22,0.6719999999999999,67.442,0.528,4384.0,0.0,0.0,__netcdf_output_MOD_save
23,0.636,68.366,0.49800000000000005,280321.0,0.0,0.0,__fabm_MOD_link_all_interior_state_data
24,0.5780000000000001,69.268,0.454,140160.0,0.0,0.0,__output_manager_MOD_output_manager_prepare_save
25,0.518,69.936,0.40599999999999997,140161.0,0.0,0.0,__ersem_carbonate_MOD_do
26,0.518,70.412,0.406,280321.0,0.0,0.0,__fabm_MOD_link_all_bottom_state_data
27,0.514,70.216,0.40199999999999997,420483.0,0.0,0.0,__ersem_benthic_fauna_MOD_do_bottom
28,0.512,69.852,0.40199999999999997,2803220.0,0.0,0.0,__ersem_pelagic_base_MOD_do_bottom
29,0.51,70.16,0.4,6026966.0,0.0,0.0,__ersem_benthic_column_particulate_matter_MOD_constituent_for_single_layer_change_do_bottom
30,0.48,70.902,0.376,69519856.0,0.0,0.0,__eqstate_MOD_eqstate1
31,0.48,70.826,0.376,560640.0,0.0,0.0,__ersem_primary_producer_MOD_get_vertical_movement
32,0.41600000000000004,72.002,0.328,140161.0,0.0,0.0,__fabm_MOD_get_interior_sources_rhs
33,0.37,72.588,0.29,69519856.0,0.0,0.0,__eqstate_MOD_rho_feistel
34,0.364,72.588,0.284,2773414.0,0.0,0.0,__output_operators_base_MOD_fill
35,0.356,72.644,0.28200000000000003,1822093.0,0.0,0.0,__ersem_benthic_column_particulate_matter_MOD_layer_do_bottom
36,0.35,72.49,0.27599999999999997,140161.0,0.0,0.0,stratification_
37,0.284,73.55199999999999,0.22200000000000003,140161.0,0.0,0.0,__ersem_nitrification_MOD_do
38,0.274,73.674,0.21400000000000002,57065.0,0.0,0.0,__fabm_properties_MOD_set_property
39,0.274,73.72,0.21400000000000002,6026923.0,0.0,0.0,__fabm_builtin_source_MOD_horizontal_flux_do_horizontal
40,0.194,74.502,0.154,1681932.0,0.0,0.0,__fabm_builtin_sum_MOD_horizontal_weighted_sum_do_horizontal
41,0.194,74.75399999999999,0.152,140161.0,0.0,0.0,__ersem_oxygen_MOD_do
42,0.194,74.518,0.152,2771517.0,0.0,0.0,__output_operators_time_average_MOD_before_save
43,0.18,74.824,0.142,1541771.0,0.0,0.0,__fabm_builtin_scale_MOD_scaled_interior_variable_do
44,0.178,74.916,0.142,140160.0,0.0,0.0,dissipationeq_
45,0.176,74.636,0.138,840966.0,0.0,0.0,__ersem_benthic_column_dissolved_matter_MOD_benthic_dissolved_matter_do_bottom
46,0.158,75.3,0.124,140161.0,0.0,0.0,__ersem_light_iop_MOD_get_light
47,0.152,75.158,0.12,140160.0,0.0,0.0,__diagnostics_MOD_do_diagnostics
48,0.152,75.186,0.118,280320.0,0.0,0.0,diff_face_
49,0.15,75.432,0.11800000000000002,140161.0,0.0,0.0,__gotm_fabm_MOD_calculate_derived_input
50,0.146,75.47999999999999,0.11400000000000002,140161.0,0.0,0.0,__ersem_calcification_MOD_do
51,0.126,75.69800000000001,0.1,140161.0,0.0,0.0,shear_
52,0.124,76.02799999999999,0.096,140233.0,0.0,0.0,cmue_d_
53,0.124,75.83,0.1,700807.0,0.0,0.0,__input_MOD_timeseries_file_update
54,0.124,75.812,0.096,140161.0,0.0,0.0,__fabm_work_MOD_begin_vertical_task
55,0.11200000000000002,76.038,0.088,280320.0,0.0,0.0,alpha_mnb_
56,0.11000000000000001,75.944,0.088,280322.0,0.0,0.0,__ersem_benthic_bacteria_MOD_do_bottom
57,0.10600000000000001,76.214,0.084,140160.0,0.0,0.0,temperature_
58,0.10600000000000001,76.14,0.08399999999999999,140160.0,0.0,0.0,__gotm_fabm_MOD_right_hand_side_rhs
59,0.10400000000000001,76.194,0.084,140160.0,0.0,0.0,tkeeq_
60,0.10200000000000001,76.256,0.082,140162.0,0.0,0.0,updategrid_
61,0.1,76.22,0.08,840966.0,0.0,0.0,__ersem_benthic_column_dissolved_matter_MOD_dissolved_matter_per_layer_do_bottom
62,0.098,76.312,0.08,280324.0,0.0,0.0,__input_MOD_profile_file_update
63,0.09,76.562,0.07,140160.0,0.0,0.0,__gotm_fabm_MOD_calculate_conserved_quantities
64,0.084,76.502,0.064,2382737.0,0.0,0.0,__fabm_builtin_scale_MOD_scaled_horizontal_variable_do_horizontal
65,0.082,76.512,0.062,9530880.0,0.0,0.0,__fabm_types_MOD_base_check_state
66,0.082,76.602,0.064,1962254.0,0.0,0.0,__output_operators_base_MOD_new_data
67,0.082,76.534,0.066,280322.0,0.0,0.0,__ersem_benthic_column_particulate_matter_MOD_do_bottom
68,0.08,76.648,0.064,140160.0,0.0,0.0,uequation_
69,0.08,76.846,0.06200000000000001,5380.0,0.0,0.0,__fabm_types_MOD_find_link
70,0.072,76.96000000000001,0.05600000000000001,7981.0,0.0,0.0,__fabm_types_MOD_add_object
71,0.064,77.086,0.05,140161.0,0.0,0.0,__fabm_work_MOD_end_vertical_task
72,0.05800000000000001,77.136,0.046,140161.0,0.0,0.0,__time_MOD_update_time
73,0.05800000000000001,77.138,0.044,280322.0,0.0,0.0,__fabm_MOD_process_job
74,0.057999999999999996,77.14,0.048,140160.0,0.0,0.0,vequation_
75,0.05600000000000001,77.15,0.041999999999999996,560640.0,0.0,0.0,__fabm_MOD_internal_check_horizontal_state
76,0.05,77.43199999999999,0.038,1.0,0.038,0.038,__fabm_builtin_source_MOD_external_surface_flux_initialize
77,0.048,77.3,0.038,140160.0,0.0,0.0,__fabm_MOD_get_vertical_movement
78,0.046,77.372,0.036,4.0,0.01,0.01,__ersem_primary_producer_MOD___copy_32CF9E6
79,0.044,77.506,0.033999999999999996,1.0,0.033999999999999996,77.546,__gotm_MOD_integrate_gotm
80,0.044,77.49199999999999,0.033999999999999996,140160.0,0.0,0.0,production_
81,0.042,77.348,0.032,140161.0,0.0,0.0,__ersem_benthic_calcite_MOD_do_bottom
82,0.041999999999999996,77.3,0.034,2242576.0,0.0,0.0,__ersem_pelagic_base_MOD_get_sinking_rate
83,0.04,77.55799999999999,0.032,14997227.0,0.0,0.0,__fabm_types_MOD_base_get_drag
84,0.04,77.47,0.03,140161.0,0.0,0.0,__fabm_MOD_get_surface_sources
85,0.036,77.582,0.028000000000000004,23266560.0,0.0,0.0,__fabm_types_MOD_base_check_bottom_state
86,0.036,77.714,0.028000000000000004,17.0,0.0,0.0,__fabm_builtin_scale_MOD_scaled_horizontal_variable_initialize
87,0.033999999999999996,77.602,0.028000000000000004,140161.0,0.0,0.0,__fabm_builtin_depth_integral_MOD_depth_integral_do_column
88,0.03,77.63,0.024,14997227.0,0.0,0.0,__fabm_types_MOD_base_get_albedo
89,0.03,77.786,0.022000000000000002,140160.0,0.0,0.0,__turbulence_MOD_kolpran
90,0.03,77.582,0.026000000000000002,14997227.0,0.0,0.0,__fabm_types_MOD_base_get_light_extinction
91,0.026000000000000002,77.762,0.02,140161.0,0.0,0.0,__fabm_MOD_get_bottom_sources_rhs
92,0.026000000000000002,77.696,0.022,140161.0,0.0,0.0,__ersem_zenith_angle_MOD_do_surface
93,0.026000000000000002,77.81800000000001,0.022,140160.0,0.0,0.0,coriolis_
94,0.024,77.822,0.018,140161.0,0.0,0.0,__fabm_work_MOD_process_vertical_slice
95,0.024,77.86800000000001,0.018,140160.0,0.0,0.0,__fabm_v0_compatibility_MOD_fabm_get_light_extinction
96,0.022,77.96799999999999,0.016,4667.0,0.0,0.0,__fabm_types_MOD_variable_list_append
97,0.02,77.946,0.014000000000000002,140161.0,0.0,0.0,__ersem_carbonate_MOD_do_surface
98,0.02,77.938,0.014000000000000002,140161.0,0.0,0.0,__fabm_MOD_get_horizontal_conserved_quantities
99,0.02,77.966,0.016,140160.0,0.0,0.0,extpressure_
100,0.018,77.968,0.014000000000000002,140162.0,0.0,0.0,__input_MOD_do_input
101,0.018,78.0,0.014000000000000002,140160.0,0.0,0.0,salinity_
102,0.018,78.048,0.014000000000000002,140160.0,0.0,0.0,__stokes_drift_MOD_do_stokes_drift
103,0.016,78.164,0.012,1.0,0.012,0.012,__fabm_MOD_reset_store
104,0.016,78.136,0.012,41.0,0.0,0.0,__fabm_builtin_source_MOD_bottom_source_initialize
105,0.016,78.126,0.012,1.0,0.012,0.012,__ersem_zenith_angle_MOD___copy_ersem_zenith_angle_Type_ersem_zenith_angle
106,0.016,77.936,0.012,14156261.0,0.0,0.0,__ersem_carbonate_MOD_approximate_alkalinity
107,0.016,78.09400000000001,0.012,2842.0,0.0,0.0,__gotm_fabm_MOD_init_var_gotm_fabm
108,0.016,77.94,0.014000000000000002,140161.0,0.0,0.0,__ersem_benthic_erosion_MOD_do_bottom
109,0.016,78.038,0.014000000000000002,140160.0,0.0,0.0,kbalgebraic_
110,0.014000000000000002,77.99199999999999,0.012,140161.0,0.0,0.0,__ersem_oxygen_MOD_do_surface
111,0.014000000000000002,78.108,0.01,6154.0,0.0,0.0,__fabm_properties_MOD_set_add
112,0.013999999999999999,78.174,0.01,106.0,0.0,0.0,__fabm_types_MOD_base_before_coupling
113,0.012,78.19800000000001,0.01,140160.0,0.0,0.0,__turbulence_MOD_do_turbulence
114,0.012,78.138,0.012,394327.0,0.0,0.0,__input_MOD_read_obs
115,0.012,78.108,0.008,2532763.0,0.0,0.0,__time_MOD_time_diff
116,0.012,78.098,0.01,280322.0,0.0,0.0,__fabm_types_MOD_base_do_bottom
117,0.012,78.14,0.01,140160.0,0.0,0.0,friction_
118,0.012,78.106,0.01,140160.0,0.0,0.0,__fabm_v0_compatibility_MOD_fabm_get_vertical_movement
119,0.012,78.098,0.01,24438.0,0.0,0.0,__fabm_properties_MOD_get_property_by_name
120,0.012,78.14200000000001,0.008,140161.0,0.0,0.0,__fabm_MOD_get_interior_conserved_quantities
121,0.012,78.16,0.008,140160.0,0.0,0.0,epsbalgebraic_
122,0.01,78.228,0.008,112.0,0.0,0.0,__fabm_builtin_sum_MOD_weighted_sum_initialize
123,0.01,78.232,0.008,4.0,0.002,0.046,__fabm_coupling_MOD_process_coupling_tasks
124,0.01,78.16600000000001,0.008,140160.0,0.0,0.0,__fabm_v0_compatibility_MOD_fabm_get_albedo
125,0.01,78.2,0.01,3111.0,0.0,0.0,__fabm_job_MOD_find_responsible_task
126,0.01,78.21600000000001,0.008,54.0,0.0,0.0,__ersem_model_library_MOD_create
127,0.008,78.28999999999999,0.006,1.0,0.006,0.006,__mtridiagonal_MOD_clean_tridiagonal
128,0.008,78.24600000000001,0.006,74928.0,0.0,0.0,__fabm_graph_MOD_node_list_find
129,0.008,78.186,0.006,265905982.0,0.0,0.0,__output_manager_core_MOD_base_field_before_save
130,0.008,78.176,0.006,395010.0,0.0,0.0,__time_MOD_julian_day
131,0.008,78.212,0.006,140161.0,0.0,0.0,__fabm_MOD_prepare_inputs1
132,0.008,78.22,0.008,140161.0,0.0,0.0,kondo_
133,0.008,78.114,0.008,140161.0,0.0,0.0,__ersem_benthic_column_MOD_bioturbation_do_bottom
134,0.006,78.22,0.006,140161.0,0.0,0.0,__ersem_benthic_nitrogen_cycle_MOD_do_bottom
135,0.006,78.23400000000001,0.006,140160.0,0.0,0.0,__airsea_driver_MOD_set_sst
136,0.006,78.356,0.006,1.0,0.006,0.006,__diagnostics_MOD_clean_diagnostics
137,0.006,78.312,0.006,2.0,0.006,0.006,__ersem_benthic_base_MOD___copy_ersem_benthic_base_Type_ersem_benthic_base
138,0.006,78.188,0.006,280320.0,0.0,0.0,__gotm_fabm_MOD_do_repair_state
139,0.006,78.304,0.004,1.0,0.004,0.004,__fabm_work_MOD_end_interior_task
140,0.006,78.236,0.006,140161.0,0.0,0.0,humidity_
141,0.006,78.342,0.006,1.0,0.006,0.006,__ersem_carbonate_MOD_initialize
142,0.006,78.304,0.004,5040.0,0.0,0.0,__fabm_types_MOD_integer_pointer_set_set_value
143,0.006,78.324,0.006,2.0,0.006,0.006,__time_MOD_read_time_string
144,0.006,78.28,0.004,140161.0,0.0,0.0,__fabm_v0_compatibility_MOD_fabm_do_surface
145,0.006,78.292,0.004,4230.0,0.0,0.0,__yaml_settings_MOD_type_integer_setting_create
146,0.006,78.17999999999999,0.006,280321.0,0.0,0.0,__fabm_MOD_link_all_surface_state_data
147,0.004,78.248,0.004,9530880.0,0.0,0.0,__fabm_types_MOD_base_check_surface_state
148,0.004,78.396,0.004,560640.0,0.0,0.0,__turbulence_MOD_epsilon_bc
149,0.004,78.398,0.004,560640.0,0.0,0.0,__turbulence_MOD_k_bc
150,0.004,78.328,0.004,1903.0,0.0,0.0,__output_operators_time_average_MOD___copy_15DC459
151,0.004,78.338,0.004,4.0,0.0,0.0,__field_manager_MOD_get_all_fields
152,0.004,78.326,0.004,5627.0,0.0,0.0,__fabm_types_MOD_coupling_task_list_add_object
153,0.004,78.27799999999999,0.004,140161.0,0.0,0.0,__fabm_builtin_source_MOD_interior_source_do
154,0.004,78.29400000000001,0.004,140161.0,0.0,0.0,__fabm_v0_compatibility_MOD_fabm_get_conserved_quantities
155,0.004,78.328,0.004,4940.0,0.0,0.0,__fabm_types_MOD_create_coupling_task
156,0.004,78.35600000000001,0.004,140160.0,0.0,0.0,wequation_
157,0.004,78.352,0.004,1.0,0.004,0.004,__ersem_nitrification_MOD___copy_ersem_nitrification_Type_ersem_nitrification
158,0.004,78.354,0.004,1.0,0.004,0.004,__ersem_calcification_MOD___copy_ersem_calcification_Type_ersem_calcification
159,0.004,78.34,0.004,280320.0,0.0,0.0,__fabm_MOD_check_bottom_state
160,0.004,78.37,0.004,1.0,0.004,0.014000000000000002,__fabm_MOD_classify_variables
161,0.004,78.292,0.004,140161.0,0.0,0.0,longwave_radiation_
162,0.004,78.24199999999999,0.004,280322.0,0.0,0.0,__ersem_benthic_base_MOD_do_bottom
163,0.004,78.362,0.004,1.0,0.004,0.004,__ersem_oxygen_MOD___copy_ersem_oxygen_Type_ersem_oxygen
164,0.004,78.336,0.004,683.0,0.0,0.0,gridinterpol_
165,0.004,78.324,0.004,2018.0,0.0,0.0,create_field.5595
166,0.002,78.37,0.002,24756.0,0.0,0.0,__fabm_types_MOD_link_list_append
167,0.002,78.38,0.002,648.0,0.0,0.0,__field_manager_MOD_check_sent_data
168,0.002,78.366,0.002,140160.0,0.0,0.0,intpressure_
169,0.002,78.336,0.002,140164.0,0.0,0.0,__time_MOD_calendar_date
170,0.002,78.37,0.002,369.0,0.0,0.0,__fabm_types_MOD_register_implemented_routines
171,0.002,78.364,0.002,30288.0,0.0,0.0,__fabm_types_MOD_get_safe_name
172,0.002,78.35,0.002,140161.0,0.0,0.0,__ersem_benthic_column_MOD_do_bottom
173,0.002,78.374,0.002,1.0,0.002,0.002,__ersem_benthic_column_MOD_bioturbation_initialize
174,0.002,78.348,0.002,140161.0,0.0,0.0,__airsea_driver_MOD_do_airsea
175,0.002,78.354,0.002,2024.0,0.0,0.0,__output_manager_core_MOD_output_variable_settings_initialize
176,0.002,78.384,0.002,1.0,0.002,0.03,__fabm_job_MOD_job_manager_initialize
177,0.002,78.38,0.002,22.0,0.0,0.0,__fabm_job_MOD_task_initialize
178,0.002,78.366,0.002,5076.0,0.0,0.0,__fabm_coupling_MOD_couple_variables
179,0.002,78.33,0.002,1962365.0,0.0,0.0,__output_manager_core_MOD_base_field_new_data
180,0.002,78.33,0.002,4204800.0,0.0,0.0,__fabm_types_MOD_base_get_vertical_movement
181,0.002,78.384,0.002,1.0,0.002,0.002,__ersem_light_iop_MOD___copy_ersem_light_iop_Type_ersem_light_iop
182,0.002,78.40599999999999,0.002,140161.0,0.0,0.0,__observations_MOD_get_all_obs
183,0.002,78.40599999999999,0.002,1.0,0.002,0.002,__observations_MOD_clean_observations
184,0.002,78.39200000000001,0.002,1.0,0.002,0.002,__gotm_fabm_MOD_clean_gotm_fabm
185,0.002,78.36600000000001,0.002,4955.0,0.0,0.0,__fabm_types_MOD_add_horizontal_variable
186,0.002,78.388,0.002,1.0,0.002,0.002,__ersem_benthic_calcite_MOD___copy_ersem_benthic_calcite_Type_ersem_benthic_calcite
187,0.002,78.374,0.002,2611.0,0.0,0.0,__fabm_types_MOD_get_real_parameter
188,0.002,78.40599999999999,0.002,1.0,0.002,0.002,__input_MOD_close_input
189,0.002,78.40599999999999,0.002,11.0,0.0,0.0,__fabm_work_MOD_allocate_and_fill_0d
190,0.002,78.36600000000001,0.002,1503.0,0.0,0.0,__yaml_MOD_next_line
191,0.002,78.33200000000001,0.002,280320.0,0.0,0.0,__fabm_v0_compatibility_MOD_fabm_check_bottom_state
192,0.002,78.35600000000001,0.002,140160.0,0.0,0.0,__fabm_v0_compatibility_MOD_fabm_get_drag
193,0.002,78.36,0.002,112.0,0.0,0.0,__fabm_builtin_sum_MOD_weighted_sum_after_coupling
194,0.002,78.34,0.002,140161.0,0.0,0.0,__airsea_driver_MOD_flux_from_meteo
195,0.002,78.404,0.002,140160.0,0.0,0.0,__turbulence_MOD_do_lengthscale
196,0.002,78.34200000000001,0.002,140160.0,0.0,0.0,__turbulence_MOD_do_epsb
197,0.0,78.408,0.0,1748.0,0.0,0.0,create_cache_copy_commands.6919
198,0.0,78.408,0.0,211.0,0.0,0.0,__fabm_v0_compatibility_MOD_fabm_get_interior_diagnostic_data
199,0.0,78.408,0.0,7.0,0.0,0.0,collect.7826
200,0.0,78.408,0.0,1.0,0.0,0.404,__gotm_MOD_initialize_gotm
201,0.0,78.408,0.0,4.0,0.0,0.0,collect_fill_values.7748
202,0.0,78.408,0.0,1.0,0.0,0.0,compute_cpsi3_
203,0.0,78.408,0.0,1.0,0.0,0.0,__gotm_fabm_input_MOD_init_gotm_fabm_input
204,0.0,78.408,0.0,2892.0,0.0,0.0,copy_variable_metadata.8041
205,0.0,78.408,0.0,1.0,0.0,0.0,__gotm_fabm_input_MOD_configure_gotm_fabm_input
206,0.0,78.408,0.0,233.0,0.0,0.0,__fabm_v0_compatibility_MOD_fabm_get_horizontal_diagnostic_data
207,0.0,78.408,0.0,140161.0,0.0,0.0,solar_zenith_angle_
208,0.0,78.408,0.0,1.0,0.0,0.018,__gotm_MOD_finalize_gotm
209,0.0,78.408,0.0,211.0,0.0,0.0,__field_manager_MOD_send_data_by_name_1d
210,0.0,78.408,0.0,1.0,0.0,0.0,print_version_
211,0.0,78.408,0.0,66.0,0.0,0.0,create_load_commands.6892
212,0.0,78.408,0.0,6.0,0.0,0.0,__fabm_v0_compatibility_MOD_fabm_get_variable_name
213,0.0,78.408,0.0,233.0,0.0,0.0,__field_manager_MOD_send_data_by_name_0d
214,0.0,78.408,0.0,1.0,0.0,0.0,node_check.7417
215,0.0,78.408,0.0,4.0,0.0,0.0,__gotm_MOD_gotm_host_calendar_date
216,0.0,78.408,0.0,140161.0,0.0,0.0,__fabm_v0_compatibility_MOD_fabm_get_horizontal_conserved_quantities
217,0.0,78.408,0.0,140161.0,0.0,0.0,airsea_fluxes_
218,0.0,78.408,0.0,1.0,0.0,0.046,__gotm_fabm_MOD_init_gotm_fabm_state
219,0.0,78.408,0.0,1.0,0.0,0.002,__gotm_fabm_MOD_start_gotm_fabm
220,0.0,78.408,0.0,1.0,0.0,0.0,__gotm_fabm_MOD_set_env_gotm_fabm
221,0.0,78.408,0.0,17.0,0.0,0.0,__yaml_types_MOD_scalar_to_logical
222,0.0,78.408,0.0,2.0,0.0,0.0,__gotm_fabm_MOD_register_horizontal_observation
223,0.0,78.408,0.0,1.0,0.0,0.0,__gotm_fabm_MOD_register_bulk_observation
224,0.0,78.408,0.0,184.0,0.0,0.0,__yaml_types_MOD_scalar_to_real
225,0.0,78.408,0.0,9.0,0.0,0.0,__fabm_v0_compatibility_MOD_fabm_get_bulk_variable_id_sn
226,0.0,78.408,0.0,1.0,0.0,0.012,__gotm_fabm_MOD_init_gotm_fabm
227,0.0,78.408,0.0,3.0,0.0,0.0,__gotm_fabm_input_MOD_fabm_input_create
228,0.0,78.408,0.0,1.0,0.0,0.33599999999999997,__gotm_fabm_MOD_gotm_fabm_create_model
229,0.0,78.408,0.0,162.0,0.0,0.0,__gotm_fabm_MOD_gotm_driver_log_message
230,0.0,78.408,0.0,52.0,0.0,0.0,add_child.4399
231,0.0,78.408,0.0,17.0,0.0,0.0,add_to_order.5989
232,0.0,78.408,0.0,1.0,0.0,0.0,__gotm_fabm_MOD_configure_gotm_fabm
233,0.0,78.408,0.0,1.0,0.0,0.252,__fabm_v0_compatibility_MOD_fabm_initialize
234,0.0,78.408,0.0,3.0,0.0,0.0,__fabm_v0_compatibility_MOD_fabm_get_bulk_variable_id_by_name
235,0.0,78.408,0.0,326.0,0.0,0.0,__field_manager_MOD_send_data_1d
236,0.0,78.408,0.0,10620.0,0.0,0.0,link_cowritten_outputs.6216
237,0.0,78.408,0.0,322.0,0.0,0.0,__field_manager_MOD_send_data_0d
238,0.0,78.408,0.0,1927.0,0.0,0.0,__field_manager_MOD_attributes_set_object
239,0.0,78.408,0.0,1519.0,0.0,0.0,__field_manager_MOD_data_set_0d
240,0.0,78.408,0.0,1748.0,0.0,0.0,get_copy_command_count.6925
241,0.0,78.408,0.0,2545.0,0.0,0.0,__field_manager_MOD_data_get_extents
242,0.0,78.408,0.0,1.0,0.0,0.0,__field_manager_MOD_collect_used
243,0.0,78.408,0.0,1.0,0.0,0.0,__fabm_v0_compatibility_MOD_fabm_set_domain
244,0.0,78.408,0.0,5839.0,0.0,0.0,__field_manager_MOD_category_get_path
245,0.0,78.408,0.0,2025.0,0.0,0.0,__field_manager_MOD_attributes_update
246,0.0,78.408,0.0,1903.0,0.0,0.0,__field_manager_MOD_attributes_set_string
247,0.0,78.408,0.0,1927.0,0.0,0.0,__field_manager_MOD_attributes_delete
248,0.0,78.408,0.0,12.0,0.0,0.0,__field_manager_MOD_select_for_output
249,0.0,78.408,0.0,3167.0,0.0,0.0,__field_manager_MOD_add_field_to_tree
250,0.0,78.408,0.0,24.0,0.0,0.0,__field_manager_MOD___copy_field_manager_Type_string_attribute
251,0.0,78.408,0.0,1.0,0.0,0.0,__fabm_v0_compatibility_MOD_fabm_update_time1
252,0.0,78.408,0.0,140160.0,0.0,0.0,__fabm_v0_compatibility_MOD_fabm_update_time2
253,0.0,78.408,0.0,2.0,0.0,0.0,__fabm_work_MOD_allocate_and_fill_1d
254,0.0,78.408,0.0,2.0,0.0,0.0,__fabm_work_MOD_end_horizontal_task
255,0.0,78.408,0.0,1.0,0.0,0.0,__fabm_work_MOD_create_vertical_cache
256,0.0,78.408,0.0,1.0,0.0,0.0,__fabm_work_MOD_create_interior_cache
257,0.0,78.408,0.0,1352.0,0.0,0.0,__field_manager_MOD_data_set_1d
258,0.0,78.408,0.0,3060.0,0.0,0.0,__field_manager_MOD_field_finalize
259,0.0,78.408,0.0,1.0,0.0,0.0,__field_manager_MOD_finalize
260,0.0,78.408,0.0,10.0,0.0,0.0,__fabm_v0_compatibility_MOD_fabm_is_variable_used
261,0.0,78.408,0.0,1.0,0.0,0.0,__fabm_work_MOD_create_horizontal_cache
262,0.0,78.408,0.0,5.0,0.0,0.0,__field_manager_MOD_register_dimension
263,0.0,78.408,0.0,44.0,0.0,0.0,create_persistent_store_commands.6901
264,0.0,78.408,0.0,1.0,0.0,0.0,__fabm_v0_compatibility_MOD_fabm_initialize_bottom_state
265,0.0,78.408,0.0,3060.0,0.0,0.0,__field_manager_MOD_register
266,0.0,78.408,0.0,44.0,0.0,0.0,create_prefill_commands.6910
267,0.0,78.408,0.0,3.0,0.0,0.0,gather_check_state_data.9891
268,0.0,78.408,0.0,1.0,0.0,0.0,__field_manager_MOD_node_finalize
269,0.0,78.408,0.0,1.0,0.0,0.0,__field_manager_MOD_initialize
270,0.0,78.408,0.0,4.0,0.0,0.0,__field_manager_MOD_has_fields
271,0.0,78.408,0.0,34.0,0.0,0.0,gather_prefill.6086
272,0.0,78.408,0.0,4.0,0.0,0.0,__field_manager_MOD_find_dimension
273,0.0,78.408,0.0,3169.0,0.0,0.0,__field_manager_MOD_find_category
274,0.0,78.408,0.0,1.0,0.0,0.004,__fabm_v0_compatibility_MOD_fabm_initialize_state
275,0.0,78.408,0.0,37.0,0.0,0.0,__yaml_types_MOD_scalar_to_integer
276,0.0,78.408,0.0,1.0,0.0,0.0,__fabm_v0_compatibility_MOD_fabm_initialize_surface_state
277,0.0,78.408,0.0,3516.0,0.0,0.0,__field_manager_MOD_find
278,0.0,78.408,0.0,4.0,0.0,0.0,__field_manager_MOD_select_category_for_output
279,0.0,78.408,0.0,54.0,0.0,0.0,__yaml_settings_MOD_get_child
280,0.0,78.408,0.0,1.0,0.0,0.0,__input_MOD_init_input
281,0.0,78.408,0.0,45.0,0.0,0.0,__settings_MOD_get_input2
282,0.0,78.408,0.0,727.0,0.0,0.0,__yaml_settings_MOD_node_set_value
283,0.0,78.408,0.0,12406.0,0.0,0.0,__yaml_settings_MOD_option
284,0.0,78.408,0.0,1.0,0.0,0.006,__time_MOD_init_time
285,0.0,78.408,0.0,1.0,0.0,0.0,__yaml_settings_MOD_settings_populate
286,0.0,78.408,0.0,57.0,0.0,0.0,__yaml_settings_MOD_settings_set_data
287,0.0,78.408,0.0,1.0,0.0,0.0,__su_model_library_MOD_initialize
288,0.0,78.408,0.0,1.0,0.0,0.0,__stokes_drift_MOD_post_init_stokes_drift
289,0.0,78.408,0.0,1.0,0.0,0.0,__stokes_drift_MOD_init_stokes_drift_yaml
290,0.0,78.408,0.0,27.0,0.0,0.0,__yaml_settings_MOD_type_logical_setting_create
291,0.0,78.408,0.0,48.0,0.0,0.0,__settings_MOD_type_input_create
292,0.0,78.408,0.0,26.0,0.0,0.0,__settings_MOD_get_typed_child
293,0.0,78.408,0.0,65.0,0.0,0.0,__settings_MOD_create_child
294,0.0,78.408,0.0,2.0,0.0,0.0,__input_MOD_profile_file_initialize
295,0.0,78.408,0.0,1.0,0.0,0.0,__register_all_variables_MOD_register_turbulence_variables
296,0.0,78.408,0.0,1.0,0.0,0.0,__register_all_variables_MOD_register_meanflow_variables
297,0.0,78.408,0.0,1.0,0.0,0.0,__register_all_variables_MOD_do_register_all_variables
298,0.0,78.408,0.0,254.0,0.0,0.0,__yaml_settings_MOD_type_real_setting_create
299,0.0,78.408,0.0,18.0,0.0,0.0,__yaml_settings_MOD_type_settings_create
300,0.0,78.408,0.0,3795.0,0.0,0.0,__output_operators_time_average_MOD_get_metadata
301,0.0,78.408,0.0,98.0,0.0,0.0,__yaml_settings_MOD_type_string_setting_create
302,0.0,78.408,0.0,270.0,0.0,0.0,__yaml_types_MOD___copy_yaml_types_Type_dictionary
303,0.0,78.408,0.0,3.0,0.0,0.0,__yaml_types_MOD___copy_yaml_types_Type_list
304,0.0,78.408,0.0,1903.0,0.0,0.0,__output_operators_time_average_MOD_apply
305,0.0,78.408,0.0,1897.0,0.0,0.0,__output_operators_time_average_MOD___copy_output_operators_time_average_Type_result
306,0.0,78.408,0.0,1.0,0.0,0.002,__yaml_settings_MOD_load
307,0.0,78.408,0.0,3.0,0.0,0.0,__yaml_settings_MOD_list_populator_set_length
308,0.0,78.408,0.0,1.0,0.0,0.0,__turbulence_MOD_clean_turbulence
309,0.0,78.408,0.0,2.0,0.0,0.0,__yaml_settings_MOD_ignore
310,0.0,78.408,0.0,15.0,0.0,0.0,__yaml_settings_MOD_create_child
311,0.0,78.408,0.0,39.0,0.0,0.0,__yaml_settings_MOD_get_integer
312,0.0,78.408,0.0,4191.0,0.0,0.0,__yaml_settings_MOD_get_integer2
313,0.0,78.408,0.0,9.0,0.0,0.0,__yaml_settings_MOD_get_list
314,0.0,78.408,0.0,1.0,0.0,0.0,__yaml_settings_MOD_check_all_used
315,0.0,78.408,0.0,832.0,0.0,0.0,__yaml_settings_MOD___final_yaml_settings_Type_value
316,0.0,78.408,0.0,65.0,0.0,0.0,__yaml_settings_MOD___final_yaml_settings_Type_string_setting
317,0.0,78.408,0.0,254.0,0.0,0.0,__yaml_settings_MOD___final_yaml_settings_Type_real_setting
318,0.0,78.408,0.0,27.0,0.0,0.0,__yaml_settings_MOD___final_yaml_settings_Type_logical_setting
319,0.0,78.408,0.0,185.0,0.0,0.0,__yaml_settings_MOD___final_yaml_settings_Type_integer_setting
320,0.0,78.408,0.0,98.0,0.0,0.0,__yaml_settings_MOD___copy_yaml_settings_Type_string_setting
321,0.0,78.408,0.0,2.0,0.0,0.0,__yaml_MOD_read_value
322,0.0,78.408,0.0,6.0,0.0,0.0,__yaml_settings_MOD_get_logical
323,0.0,78.408,0.0,2.0,0.0,0.002,__yaml_MOD_parse
324,0.0,78.408,0.0,2732.0,0.0,0.0,__yaml_MOD_find_mapping_character.constprop.0
325,0.0,78.408,0.0,1.0,0.0,0.0,__turbulence_MOD_report_model
326,0.0,78.408,0.0,1.0,0.0,0.0,__turbulence_MOD_post_init_turbulence
327,0.0,78.408,0.0,21.0,0.0,0.0,__yaml_settings_MOD_get_logical2
328,0.0,78.408,0.0,4723.0,0.0,0.0,__yaml_settings_MOD_get_node
329,0.0,78.408,0.0,254.0,0.0,0.0,__yaml_settings_MOD_get_real2
330,0.0,78.408,0.0,24.0,0.0,0.0,__yaml_settings_MOD_get_string
331,0.0,78.408,0.0,1.0,0.0,0.0,__turbulence_MOD_init_turbulence_yaml
332,0.0,78.408,0.0,74.0,0.0,0.0,__yaml_settings_MOD_get_string2
333,0.0,78.408,0.0,14.0,0.0,0.0,__yaml_types_MOD___copy_yaml_types_Type_null
334,0.0,78.408,0.0,1911.0,0.0,0.0,__output_operators_slice_MOD_apply
335,0.0,78.408,0.0,12.0,0.0,0.0,__output_operators_slice_MOD_add
336,0.0,78.408,0.0,1.0,0.0,0.0,__output_manager_MOD_output_manager_clean
337,0.0,78.408,0.0,1.0,0.0,0.0,__output_manager_MOD_output_manager_add_file
338,0.0,78.408,0.0,15.0,0.0,0.0,__output_manager_MOD_create_variable_settings
339,0.0,78.408,0.0,3.0,0.0,0.0,__output_manager_MOD_configure_group
340,0.0,78.408,0.0,556.0,0.0,0.0,__yaml_types_MOD_dictionary_set_string
341,0.0,78.408,0.0,1.0,0.0,0.0,__observations_MOD_post_init_observations
342,0.0,78.408,0.0,1.0,0.0,0.0,__observations_MOD_init_observations_yaml
343,0.0,78.408,0.0,15.0,0.0,0.0,__yaml_types_MOD_list_append
344,0.0,78.408,0.0,2024.0,0.0,0.0,__netcdf_output_MOD_netcdf_variable_settings_initialize
345,0.0,78.408,0.0,4.0,0.0,0.0,__netcdf_output_MOD_initialize
346,0.0,78.408,0.0,9108.0,0.0,0.0,__netcdf_output_MOD_finalize
347,0.0,78.408,0.0,2029.0,0.0,0.0,__netcdf_output_MOD_create_settings
348,0.0,78.408,0.0,3.0,0.0,0.0,__netcdf_output_MOD_configure
349,0.0,78.408,0.0,4.0,0.0,0.0,__netcdf_output_MOD___copy_netcdf_output_Type_netcdf_file
350,0.0,78.408,0.0,3.0,0.0,0.0,__yaml_types_MOD_list_set_path
351,0.0,78.408,0.0,1.0,0.0,0.0,__mtridiagonal_MOD_init_tridiagonal
352,0.0,78.408,0.0,1.0,0.0,0.0,__meanflow_MOD_post_init_meanflow
353,0.0,78.408,0.0,1.0,0.0,0.0,__meanflow_MOD_init_meanflow_yaml
354,0.0,78.408,0.0,1.0,0.0,0.0,__meanflow_MOD_clean_meanflow
355,0.0,78.408,0.0,1544.0,0.0,0.0,__yaml_types_MOD_node_finalize
356,0.0,78.408,0.0,1.0,0.0,0.0,__yaml_settings_MOD_finalize
357,0.0,78.408,0.0,21.0,0.0,0.0,__input_MOD_register_scalar_input
358,0.0,78.408,0.0,15.0,0.0,0.0,__input_MOD_register_profile_input
359,0.0,78.408,0.0,1245.0,0.0,0.0,__yaml_types_MOD_node_set_path
360,0.0,78.408,0.0,17.0,0.0,0.0,__yaml_types_MOD_dictionary_set_path
361,0.0,78.408,0.0,1.0,0.0,0.0,__output_manager_MOD_output_manager_init
362,0.0,78.408,0.0,3.0,0.0,0.0,__output_operators_slice_MOD___copy_output_operators_slice_Type_slice_operator
363,0.0,78.408,0.0,2057.0,0.0,0.0,__yaml_types_MOD_dictionary_set
364,0.0,78.408,0.0,1231.0,0.0,0.0,__yaml_types_MOD___copy_yaml_types_Type_scalar
365,0.0,78.408,0.0,5728.0,0.0,0.0,__output_operators_base_MOD_get_metadata
366,0.0,78.408,0.0,53.0,0.0,0.0,__yaml_types_MOD_dictionary_finalize
367,0.0,78.408,0.0,52.0,0.0,0.0,__yaml_types_MOD_dictionary_flatten
368,0.0,78.408,0.0,1061.0,0.0,0.0,__yaml_types_MOD_dictionary_get
369,0.0,78.408,0.0,1897.0,0.0,0.0,__output_operators_base_MOD_allocate
370,0.0,78.408,0.0,1911.0,0.0,0.0,__output_operators_base_MOD___copy_18A5AFF
371,0.0,78.408,0.0,4.0,0.0,0.0,__output_manager_core_MOD_write_time_string
372,0.0,78.408,0.0,2022.0,0.0,0.0,__output_manager_core_MOD_wrap_field
373,0.0,78.408,0.0,1911.0,0.0,0.0,__output_manager_core_MOD_operator_apply_all
374,0.0,78.408,0.0,4.0,0.0,0.0,__output_manager_core_MOD_is_dimension_used
375,0.0,78.408,0.0,2010.0,0.0,0.0,__output_manager_core_MOD_host_log_message
376,0.0,78.408,0.0,7862.0,0.0,0.0,__output_manager_core_MOD_field_get_metadata
377,0.0,78.408,0.0,270.0,0.0,0.0,__yaml_types_MOD_dictionary_get_dictionary
378,0.0,78.408,0.0,4.0,0.0,0.0,__output_manager_core_MOD_base_field_get_field
379,0.0,78.408,0.0,112.0,0.0,0.0,__yaml_types_MOD_dictionary_get_logical
380,0.0,78.408,0.0,16.0,0.0,0.0,__output_manager_core_MOD_append_item
381,0.0,78.408,0.0,4.0,0.0,0.0,__output_manager_MOD_set_next_output
382,0.0,78.408,0.0,3.0,0.0,0.0,__output_manager_MOD_process_file
383,0.0,78.408,0.0,4.0,0.0,0.004,__output_manager_MOD_populate
384,0.0,78.408,0.0,1.0,0.0,0.018,__output_manager_MOD_output_manager_start
385,0.0,78.408,0.0,220.0,0.0,0.0,__yaml_types_MOD_dictionary_get_scalar
386,0.0,78.408,0.0,108.0,0.0,0.0,__yaml_types_MOD_dictionary_get_string
387,0.0,78.408,0.0,5.0,0.0,0.0,__input_MOD_timeseries_file_initialize
388,0.0,78.408,0.0,1.0,0.0,0.0,__airsea_driver_MOD_clean_airsea
389,0.0,78.408,0.0,140161.0,0.0,0.0,__fabm_v0_compatibility_MOD_fabm_do_rhs
390,0.0,78.408,0.0,1295.0,0.0,0.0,__fabm_builtin_sum_MOD_horizontal_weighted_sum_add_component
391,0.0,78.408,0.0,1.0,0.0,0.0,__fabm_builtin_source_MOD_external_bottom_flux_initialize
392,0.0,78.408,0.0,1.0,0.0,0.0,__fabm_builtin_source_MOD_interior_source_initialize
393,0.0,78.408,0.0,281.0,0.0,0.0,__fabm_builtin_sum_MOD___copy_fabm_builtin_sum_Type_horizontal_weighted_sum
394,0.0,78.408,0.0,165.0,0.0,0.0,__fabm_builtin_sum_MOD___copy_fabm_builtin_sum_Type_weighted_sum
395,0.0,78.408,0.0,97.0,0.0,0.0,__fabm_builtin_sum_MOD___final_fabm_builtin_sum_Type_horizontal_weighted_sum
396,0.0,78.408,0.0,53.0,0.0,0.0,__fabm_builtin_sum_MOD___final_fabm_builtin_sum_Type_weighted_sum
397,0.0,78.408,0.0,281.0,0.0,0.0,__fabm_builtin_sum_MOD_horizontal_weighted_sum_add_to_parent
398,0.0,78.408,0.0,1.0,0.0,0.0,__fabm_builtin_source_MOD_copy_fluxes_to_named_variable
399,0.0,78.408,0.0,184.0,0.0,0.0,__fabm_builtin_sum_MOD_horizontal_weighted_sum_after_coupling
400,0.0,78.408,0.0,184.0,0.0,0.0,__fabm_builtin_sum_MOD_horizontal_weighted_sum_initialize
401,0.0,78.408,0.0,184.0,0.0,0.0,__fabm_builtin_sum_MOD_horizontal_weighted_sum_merge_components
402,0.0,78.408,0.0,2026.0,0.0,0.0,__fabm_builtin_sum_MOD_merge_component
403,0.0,78.408,0.0,831.0,0.0,0.0,__fabm_builtin_sum_MOD_weighted_sum_add_component
404,0.0,78.408,0.0,164.0,0.0,0.0,__fabm_builtin_sum_MOD_weighted_sum_add_to_parent
405,0.0,78.408,0.0,41.0,0.0,0.0,__fabm_builtin_source_MOD_copy_horizontal_fluxes
406,0.0,78.408,0.0,1.0,0.0,0.0,__fabm_builtin_source_MOD_copy_fluxes_to_id
407,0.0,78.408,0.0,695.0,0.0,0.0,__fabm_job_MOD_job_request_variable
408,0.0,78.408,0.0,1.0,0.0,0.042,__fabm_MOD_start
409,0.0,78.408,0.0,502.0,0.0,0.0,__fabm_MOD_link_interior_data_by_variable
410,0.0,78.408,0.0,1.0,0.0,0.0,__fabm_MOD_link_scalar_by_sn
411,0.0,78.408,0.0,77.0,0.0,0.0,__fabm_MOD_merge_indices
412,0.0,78.408,0.0,140160.0,0.0,0.0,__fabm_MOD_prepare_inputs2
413,0.0,78.408,0.0,4.0,0.0,0.0,__fabm_MOD_require_flux_computation
414,0.0,78.408,0.0,1.0,0.0,0.0,__fabm_MOD_set_domain
415,0.0,78.408,0.0,1.0,0.0,0.0,__fabm_builtin_depth_integral_MOD___copy_fabm_builtin_depth_integral_Type_depth_integral
416,0.0,78.408,0.0,11.0,0.0,0.0,__fabm_builtin_scale_MOD_scaled_interior_variable_initialize
417,0.0,78.408,0.0,1.0,0.0,0.0,__fabm_builtin_depth_integral_MOD_depth_integral_after_coupling
418,0.0,78.408,0.0,1.0,0.0,0.0,__fabm_builtin_depth_integral_MOD_depth_integral_initialize
419,0.0,78.408,0.0,17.0,0.0,0.0,__fabm_builtin_scale_MOD___copy_1F1344D
420,0.0,78.408,0.0,11.0,0.0,0.0,__fabm_builtin_scale_MOD___copy_fabm_builtin_scale_Type_scaled_interior_variable
421,0.0,78.408,0.0,17.0,0.0,0.0,__fabm_builtin_scale_MOD_scaled_horizontal_variable_after_coupling
422,0.0,78.408,0.0,11.0,0.0,0.0,__fabm_builtin_scale_MOD_scaled_interior_variable_after_coupling
423,0.0,78.408,0.0,112.0,0.0,0.0,__fabm_builtin_sum_MOD_weighted_sum_merge_components
424,0.0,78.408,0.0,1.0,0.0,0.08,__fabm_config_MOD_fabm_configure_model
425,0.0,78.408,0.0,54.0,0.0,0.0,__fabm_config_MOD_parse_initialization
426,0.0,78.408,0.0,2407.0,0.0,0.0,__fabm_graph_MOD_output_variable_set_add_output_variable
427,0.0,78.408,0.0,18.0,0.0,0.0,__fabm_graph_MOD_graph_connect
428,0.0,78.408,0.0,11312.0,0.0,0.0,__fabm_graph_MOD_graph_finalize
429,0.0,78.408,0.0,12894.0,0.0,0.0,__fabm_graph_MOD_graph_has_descendant
430,0.0,78.408,0.0,13266.0,0.0,0.0,__fabm_graph_MOD_input_variable_set_add
431,0.0,78.408,0.0,1037.0,0.0,0.0,__fabm_graph_MOD_node_list_append
432,0.0,78.408,0.0,163.0,0.0,0.0,__fabm_graph_MOD_node_list_remove
433,0.0,78.408,0.0,27913.0,0.0,0.0,__fabm_graph_MOD_source2operation
434,0.0,78.408,0.0,77.0,0.0,0.0,__fabm_coupling_MOD_after_coupling
435,0.0,78.408,0.0,2992.0,0.0,0.0,__fabm_job_MOD_global_variable_register_add_to_catalog
436,0.0,78.408,0.0,87.0,0.0,0.0,__fabm_job_MOD_global_variable_register_add_to_read_cache
437,0.0,78.408,0.0,81.0,0.0,0.0,__fabm_job_MOD_global_variable_register_add_to_store
438,0.0,78.408,0.0,1845.0,0.0,0.0,__fabm_job_MOD_global_variable_register_add_to_write_cache
439,0.0,78.408,0.0,18.0,0.0,0.0,__fabm_job_MOD_job_connect
440,0.0,78.408,0.0,17.0,0.0,0.0,__fabm_job_MOD_job_manager_create
441,0.0,78.408,0.0,9136.0,0.0,0.0,__fabm_graph_MOD_graph_add_variable
442,0.0,78.408,0.0,6883.0,0.0,0.0,__fabm_graph_MOD_graph_add_call
443,0.0,78.408,0.0,20188.0,0.0,0.0,__fabm_graph_MOD_find_node
444,0.0,78.408,0.0,1.0,0.0,0.0,__fabm_expressions_MOD_vertical_integral_generic
445,0.0,78.408,0.0,1.0,0.0,0.0,__fabm_expressions_MOD_vertical_dependency_integral
446,0.0,78.408,0.0,3.0,0.0,0.0,__fabm_expressions_MOD___copy_fabm_expressions_Type_vertical_integral
447,0.0,78.408,0.0,162.0,0.0,0.0,__fabm_driver_MOD_log_message
448,0.0,78.408,0.0,1.0,0.0,0.22799999999999998,__fabm_coupling_MOD_freeze_model_info
449,0.0,78.408,0.0,77.0,0.0,0.0,__fabm_coupling_MOD_freeze
450,0.0,78.408,0.0,106.0,0.0,0.0,__fabm_coupling_MOD_create_sum
451,0.0,78.408,0.0,228.0,0.0,0.0,__fabm_coupling_MOD_create_horizontal_sum
452,0.0,78.408,0.0,1.0,0.0,0.014000000000000002,__fabm_coupling_MOD_create_flux_sums
453,0.0,78.408,0.0,1.0,0.0,0.0,__fabm_coupling_MOD_create_conservation_checks
454,0.0,78.408,0.0,1.0,0.0,0.0,__fabm_coupling_MOD_create_aggregate_models
455,0.0,78.408,0.0,205.0,0.0,0.0,__fabm_coupling_MOD_collect_aggregate_variables
456,0.0,78.408,0.0,54.0,0.0,0.0,__fabm_coupling_MOD_before_coupling
457,0.0,78.408,0.0,1.0,0.0,0.0,__fabm_coupling_MOD_aggregate_variable_list_finalize
458,0.0,78.408,0.0,2.0,0.0,0.0,__fabm_MOD_link_interior_data_by_sn
459,0.0,78.408,0.0,7.0,0.0,0.0,__fabm_MOD_link_interior_data_by_id
460,0.0,78.408,0.0,925.0,0.0,0.0,__fabm_MOD_link_horizontal_data_by_variable
461,0.0,78.408,0.0,13.0,0.0,0.0,__ersem_benthic_column_particulate_matter_MOD_layer_initialize
462,0.0,78.408,0.0,6.0,0.0,0.0,__ersem_benthic_column_dissolved_matter_MOD___copy_5D2C1A
463,0.0,78.408,0.0,6.0,0.0,0.0,__ersem_benthic_column_dissolved_matter_MOD___final_1D134A2
464,0.0,78.408,0.0,6.0,0.0,0.0,__ersem_benthic_column_dissolved_matter_MOD_benthic_dissolved_matter_initialize
465,0.0,78.408,0.0,2.0,0.0,0.0,__ersem_benthic_column_particulate_matter_MOD___copy_3B6C2DA
466,0.0,78.408,0.0,11.0,0.0,0.0,__ersem_benthic_column_particulate_matter_MOD___copy_5AA3D3F
467,0.0,78.408,0.0,2.0,0.0,0.0,__ersem_benthic_column_particulate_matter_MOD_initialize
468,0.0,78.408,0.0,1.0,0.0,0.0,__ersem_benthic_erosion_MOD___copy_ersem_benthic_erosion_Type_ersem_benthic_erosion
469,0.0,78.408,0.0,1.0,0.0,0.0,__ersem_light_iop_MOD_initialize
470,0.0,78.408,0.0,1.0,0.0,0.0,__ersem_benthic_erosion_MOD_initialize
471,0.0,78.408,0.0,3.0,0.0,0.0,__ersem_benthic_fauna_MOD___copy_ersem_benthic_fauna_Type_ersem_benthic_fauna
472,0.0,78.408,0.0,3.0,0.0,0.0,__ersem_benthic_fauna_MOD_initialize
473,0.0,78.408,0.0,1.0,0.0,0.0,__ersem_benthic_nitrogen_cycle_MOD___copy_4134556
474,0.0,78.408,0.0,1.0,0.0,0.0,__ersem_benthic_nitrogen_cycle_MOD_initialize
475,0.0,78.408,0.0,1.0,0.0,0.0,__ersem_calcification_MOD_initialize
476,0.0,78.408,0.0,1.0,0.0,0.0,__ersem_benthic_column_MOD_initialize
477,0.0,78.408,0.0,1.0,0.0,0.0,__ersem_benthic_column_MOD___copy_ersem_benthic_column_Type_ersem_benthic_column
478,0.0,78.408,0.0,1.0,0.0,0.0,__ersem_benthic_calcite_MOD_initialize
479,0.0,78.408,0.0,10.0,0.0,0.0,__ersem_benthic_base_MOD_initialize_ersem_benthic_base
480,0.0,78.408,0.0,21.0,0.0,0.0,__ersem_benthic_base_MOD_initialize
481,0.0,78.408,0.0,20.0,0.0,0.0,__ersem_benthic_base_MOD_benthic_base_add_constituent
482,0.0,78.408,0.0,2.0,0.0,0.0,__ersem_benthic_bacteria_MOD_initialize
483,0.0,78.408,0.0,2.0,0.0,0.0,__ersem_benthic_bacteria_MOD___copy_1F6E43E
484,0.0,78.408,0.0,1.0,0.0,0.0,__ersem_bacteria_docdyn_MOD_initialize
485,0.0,78.408,0.0,1.0,0.0,0.0,__ersem_bacteria_docdyn_MOD___copy_ersem_bacteria_docdyn_Type_ersem_bacteria_docdyn
486,0.0,78.408,0.0,1.0,0.0,0.0,__eqstate_MOD_init_eqstate_yaml
487,0.0,78.408,0.0,1.0,0.0,0.0,__diagnostics_MOD_init_diagnostics
488,0.0,78.408,0.0,1.0,0.0,0.0,__au_model_library_MOD_initialize
489,0.0,78.408,0.0,140160.0,0.0,0.0,__airsea_driver_MOD_set_ssuv
490,0.0,78.408,0.0,1.0,0.0,0.0,__airsea_driver_MOD_post_init_airsea
491,0.0,78.408,0.0,140160.0,0.0,0.0,__airsea_driver_MOD_integrated_fluxes
492,0.0,78.408,0.0,1.0,0.0,0.0,__airsea_driver_MOD_init_airsea_yaml
493,0.0,78.408,0.0,1.0,0.0,0.0,__ersem_carbonate_MOD___copy_ersem_carbonate_Type_ersem_carbonate
494,0.0,78.408,0.0,1.0,0.0,0.0,__ersem_mesozooplankton_MOD___copy_ersem_mesozooplankton_Type_ersem_mesozooplankton
495,0.0,78.408,0.0,6.0,0.0,0.0,__fabm_MOD_link_horizontal_data_by_sn
496,0.0,78.408,0.0,8.0,0.0,0.0,__fabm_MOD_get_variable_by_standard_variable
497,0.0,78.408,0.0,2.0,0.0,0.0,__fabm_MOD_get_horizontal_variable_id_by_name
498,0.0,78.408,0.0,9.0,0.0,0.0,__fabm_MOD_get_horizontal_variable_id_sn
499,0.0,78.408,0.0,211.0,0.0,0.0,__fabm_MOD_get_interior_diagnostic_data
500,0.0,78.408,0.0,3.0,0.0,0.0,__fabm_MOD_get_interior_variable_id_by_name
501,0.0,78.408,0.0,10.0,0.0,0.0,__fabm_MOD_get_interior_variable_id_sn
502,0.0,78.408,0.0,5.0,0.0,0.0,__fabm_MOD_get_variable_by_name
503,0.0,78.408,0.0,6.0,0.0,0.0,__fabm_MOD_get_variable_name
504,0.0,78.408,0.0,1.0,0.0,0.0,__ersem_mesozooplankton_MOD_initialize
505,0.0,78.408,0.0,1.0,0.0,0.252,__fabm_MOD_initialize
506,0.0,78.408,0.0,1.0,0.0,0.0,__fabm_MOD_initialize_bottom_state
507,0.0,78.408,0.0,1.0,0.0,0.004,__fabm_MOD_initialize_interior_state
508,0.0,78.408,0.0,1.0,0.0,0.0,__fabm_MOD_initialize_surface_state
509,0.0,78.408,0.0,5.0,0.0,0.0,__fabm_MOD_interior_variable_needs_values
510,0.0,78.408,0.0,9.0,0.0,0.0,__fabm_MOD_link_horizontal_data_by_id
511,0.0,78.408,0.0,233.0,0.0,0.0,__fabm_MOD_get_horizontal_diagnostic_data
512,0.0,78.408,0.0,140161.0,0.0,0.0,__fabm_MOD_finalize_outputs
513,0.0,78.408,0.0,2.0,0.0,0.0,__fabm_MOD_fabm_initialize_library
514,0.0,78.408,0.0,280320.0,0.0,0.0,__fabm_MOD_check_surface_state
515,0.0,78.408,0.0,1.0,0.0,0.0,__examples_model_library_MOD_initialize
516,0.0,78.408,0.0,1.0,0.0,0.0,__ersem_zenith_angle_MOD_initialize
517,0.0,78.408,0.0,4.0,0.0,0.0,__ersem_primary_producer_MOD_initialize
518,0.0,78.408,0.0,20.0,0.0,0.0,__ersem_pelagic_base_MOD_initialize_ersem_base
519,0.0,78.408,0.0,10.0,0.0,0.0,__ersem_pelagic_base_MOD_initialize
520,0.0,78.408,0.0,54.0,0.0,0.0,__ersem_pelagic_base_MOD_add_constituent
521,0.0,78.408,0.0,48.0,0.0,0.0,__ersem_pelagic_base_MOD___final_ersem_pelagic_base_Type_ersem_pelagic_base
522,0.0,78.408,0.0,10.0,0.0,0.0,__ersem_pelagic_base_MOD___copy_ersem_pelagic_base_Type_ersem_pelagic_base
523,0.0,78.408,0.0,1.0,0.0,0.0,__ersem_oxygen_MOD_initialize
524,0.0,78.408,0.0,1.0,0.0,0.0,__ersem_nitrification_MOD_initialize
525,0.0,78.408,0.0,1.0,0.0,0.0,__ersem_model_library_MOD_initialize
526,0.0,78.408,0.0,2.0,0.0,0.0,__ersem_microzooplankton_MOD_initialize
527,0.0,78.408,0.0,2.0,0.0,0.0,__ersem_microzooplankton_MOD___copy_4E341D6
528,0.0,78.408,0.0,1496.0,0.0,0.0,__fabm_job_MOD_job_request_call
529,0.0,78.408,0.0,44.0,0.0,0.0,__fabm_job_MOD_job_set_find_first
530,0.0,78.408,0.0,140161.0,0.0,0.0,__fabm_v0_compatibility_MOD_fabm_do_bottom_rhs
531,0.0,78.408,0.0,33198.0,0.0,0.0,__fabm_types_MOD_integer_pointer_set_is_empty
532,0.0,78.408,0.0,348.0,0.0,0.0,__fabm_types_MOD_get_integer_parameter
533,0.0,78.408,0.0,125.0,0.0,0.0,__fabm_types_MOD_get_logical_parameter
534,0.0,78.408,0.0,329.0,0.0,0.0,__fabm_types_MOD_get_string_parameter
535,0.0,78.408,0.0,10928.0,0.0,0.0,__fabm_types_MOD_integer_pointer_set_append
536,0.0,78.408,0.0,15228.0,0.0,0.0,__fabm_types_MOD_integer_pointer_set_extend
537,0.0,78.408,0.0,1866.0,0.0,0.0,__fabm_types_MOD_integer_pointer_set_finalize
538,0.0,78.408,0.0,20304.0,0.0,0.0,__fabm_types_MOD_link_list_extend
539,0.0,78.408,0.0,216.0,0.0,0.0,__fabm_types_MOD_get_aggregate_variable_access
540,0.0,78.408,0.0,476.0,0.0,0.0,__fabm_types_MOD_model_list_append
541,0.0,78.408,0.0,6606.0,0.0,0.0,__fabm_types_MOD_real_pointer_set_append
542,0.0,78.408,0.0,5076.0,0.0,0.0,__fabm_types_MOD_real_pointer_set_extend
543,0.0,78.408,0.0,324.0,0.0,0.0,__fabm_types_MOD_real_pointer_set_set_value
544,0.0,78.408,0.0,306.0,0.0,0.0,__fabm_types_MOD_register_bottom_flux
545,0.0,78.408,0.0,351.0,0.0,0.0,__fabm_types_MOD_register_bottom_source
546,0.0,78.408,0.0,1.0,0.0,0.0,__fabm_types_MOD_get_free_unit
547,0.0,78.408,0.0,5380.0,0.0,0.0,__fabm_types_MOD_find_object
548,0.0,78.408,0.0,4712.0,0.0,0.0,__fabm_job_MOD_variable_register_add
549,0.0,78.408,0.0,4485152.0,0.0,0.0,__fabm_types_MOD_base_do_surface
550,0.0,78.408,0.0,2.0,0.0,0.0,__fabm_types_MOD_add_scalar_variable
551,0.0,78.408,0.0,7981.0,0.0,0.0,__fabm_types_MOD_add_variable
552,0.0,78.408,0.0,534.0,0.0,0.0,__fabm_types_MOD_add_variable_to_aggregate_variable
553,0.0,78.408,0.0,152.0,0.0,0.0,__fabm_types_MOD_base_after_coupling
554,0.0,78.408,0.0,3083542.0,0.0,0.0,__fabm_types_MOD_base_do
555,0.0,78.408,0.0,140161.0,0.0,0.0,__fabm_types_MOD_base_do_column
556,0.0,78.408,0.0,3426.0,0.0,0.0,__fabm_types_MOD_base_get_path
557,0.0,78.408,0.0,106.0,0.0,0.0,__fabm_types_MOD_find_model
558,0.0,78.408,0.0,50.0,0.0,0.0,__fabm_types_MOD_base_initialize
559,0.0,78.408,0.0,66.0,0.0,0.0,__fabm_types_MOD_base_initialize_horizontal_state
560,0.0,78.408,0.0,34.0,0.0,0.0,__fabm_types_MOD_base_initialize_state
561,0.0,78.408,0.0,648.0,0.0,0.0,__fabm_types_MOD_contribution_list_add
562,0.0,78.408,0.0,5093.0,0.0,0.0,__fabm_types_MOD_coupling_task_list_add
563,0.0,78.408,0.0,5627.0,0.0,0.0,__fabm_types_MOD_coupling_task_list_remove
564,0.0,78.408,0.0,272.0,0.0,0.0,__fabm_types_MOD_register_bottom_state_dependency
565,0.0,78.408,0.0,36.0,0.0,0.0,__fabm_types_MOD_register_bottom_state_variable
566,0.0,78.408,0.0,1.0,0.0,0.0,__fabm_types_MOD_register_expression
567,0.0,78.408,0.0,11197.0,0.0,0.0,__fabm_types_MOD_variable_set_add
568,0.0,78.408,0.0,2313.0,0.0,0.0,__fabm_types_MOD_request_coupling_for_id
569,0.0,78.408,0.0,4710.0,0.0,0.0,__fabm_types_MOD_request_coupling_for_link
570,0.0,78.408,0.0,2.0,0.0,0.0,__fabm_types_MOD_request_coupling_for_name
571,0.0,78.408,0.0,228.0,0.0,0.0,__fabm_types_MOD_request_standard_coupling_for_id
572,0.0,78.408,0.0,228.0,0.0,0.0,__fabm_types_MOD_request_standard_coupling_for_link
573,0.0,78.408,0.0,3413.0,0.0,0.0,__fabm_types_MOD_set_parameter
574,0.0,78.408,0.0,2407.0,0.0,0.0,__fabm_types_MOD_variable_set_remove
575,0.0,78.408,0.0,347.0,0.0,0.0,__fabm_types_MOD_register_horizontal_diagnostic_variable
576,0.0,78.408,0.0,17.0,0.0,0.0,__fabm_types_MOD_variable_set_update
577,0.0,78.408,0.0,1.0,0.0,0.0,__fabm_v0_compatibility_MOD___copy_fabm_v0_compatibility_Type_model
578,0.0,78.408,0.0,1.0,0.0,0.042,__fabm_v0_compatibility_MOD_fabm_check_ready
579,0.0,78.408,0.0,280320.0,0.0,0.0,__fabm_v0_compatibility_MOD_fabm_check_state
580,0.0,78.408,0.0,280320.0,0.0,0.0,__fabm_v0_compatibility_MOD_fabm_check_surface_state
581,0.0,78.408,0.0,1.0,0.0,0.33599999999999997,__fabm_v0_compatibility_MOD_fabm_create_model_from_yaml_file
582,0.0,78.408,0.0,3.0,0.0,0.0,__fabm_types_MOD_register_universal_interior_dependency
583,0.0,78.408,0.0,2.0,0.0,0.0,__fabm_types_MOD_register_universal_horizontal_dependency
584,0.0,78.408,0.0,306.0,0.0,0.0,__fabm_types_MOD_register_surface_flux
585,0.0,78.408,0.0,11.0,0.0,0.0,__fabm_types_MOD_register_standard_interior_state_dependency
586,0.0,78.408,0.0,44.0,0.0,0.0,__fabm_types_MOD_register_standard_interior_dependency
587,0.0,78.408,0.0,9.0,0.0,0.0,__fabm_types_MOD_register_standard_horizontal_dependency3
588,0.0,78.408,0.0,4.0,0.0,0.0,__fabm_types_MOD_register_standard_horizontal_dependency2
589,0.0,78.408,0.0,140.0,0.0,0.0,__fabm_types_MOD_register_standard_horizontal_dependency
590,0.0,78.408,0.0,1.0,0.0,0.0,__fabm_types_MOD_register_standard_global_dependency
591,0.0,78.408,0.0,2.0,0.0,0.0,__fabm_types_MOD_register_standard_bottom_state_dependency2
592,0.0,78.408,0.0,306.0,0.0,0.0,__fabm_types_MOD_register_source
593,0.0,78.408,0.0,933.0,0.0,0.0,__fabm_types_MOD_register_named_interior_dependency
594,0.0,78.408,0.0,1554.0,0.0,0.0,__fabm_types_MOD_register_named_horizontal_dependency
595,0.0,78.408,0.0,305.0,0.0,0.0,__fabm_types_MOD_register_interior_state_variable
596,0.0,78.408,0.0,243.0,0.0,0.0,__fabm_types_MOD_register_interior_state_dependency
597,0.0,78.408,0.0,215.0,0.0,0.0,__fabm_types_MOD_register_interior_diagnostic_variable
598,0.0,78.408,0.0,1.0,0.0,0.0,__fabm_types_MOD_register_horizontal_expression_dependency
599,0.0,78.408,0.0,3024.0,0.0,0.0,__fabm_types_MOD_add_interior_variable
600,0.0,78.408,0.0,476.0,0.0,0.0,__fabm_types_MOD_add_child
601,0.0,78.408,0.0,1.0,0.0,0.0,__fabm_types_MOD_abstract_model_factory_register_version
602,0.0,78.408,0.0,1042.0,0.0,0.0,__fabm_properties_MOD_set_contains
603,0.0,78.408,0.0,1764.0,0.0,0.0,__fabm_properties_MOD___copy_fabm_properties_Type_string_property
604,0.0,78.408,0.0,34.0,0.0,0.0,__fabm_properties_MOD___deallocate_fabm_properties_Type_set_element
605,0.0,78.408,0.0,51.0,0.0,0.0,__fabm_properties_MOD_get_logical
606,0.0,78.408,0.0,952.0,0.0,0.0,__fabm_properties_MOD_hierarchical_dictionary_add_child
607,0.0,78.408,0.0,9623.0,0.0,0.0,__fabm_properties_MOD_hierarchical_dictionary_find_in_tree
608,0.0,78.408,0.0,3413.0,0.0,0.0,__fabm_properties_MOD_hierarchical_dictionary_set_in_tree
609,0.0,78.408,0.0,57.0,0.0,0.0,__fabm_properties_MOD_set_finalize
610,0.0,78.408,0.0,458.0,0.0,0.0,__fabm_properties_MOD_to_real
611,0.0,78.408,0.0,4.0,0.0,0.0,__fabm_properties_MOD_set_logical
612,0.0,78.408,0.0,4.0,0.0,0.0,__fabm_properties_MOD_set_real
613,0.0,78.408,0.0,3.0,0.0,0.0,__fabm_properties_MOD_set_size
614,0.0,78.408,0.0,815.0,0.0,0.0,__fabm_properties_MOD_set_string
615,0.0,78.408,0.0,3.0,0.0,0.0,__fabm_properties_MOD_set_to_array
616,0.0,78.408,0.0,491.0,0.0,0.0,__fabm_properties_MOD_to_integer
617,0.0,78.408,0.0,6940.0,0.0,0.0,__fabm_properties_MOD___copy_fabm_properties_Type_real_property
618,0.0,78.408,0.0,258.0,0.0,0.0,__fabm_properties_MOD___copy_fabm_properties_Type_logical_property
619,0.0,78.408,0.0,987.0,0.0,0.0,__fabm_properties_MOD___copy_fabm_properties_Type_integer_property
620,0.0,78.408,0.0,104.0,0.0,0.0,__fabm_particle_MOD_resolve_model_reference
621,0.0,78.408,0.0,27.0,0.0,0.0,__fabm_particle_MOD_request_standard_coupling_to_named_model
622,0.0,78.408,0.0,162.0,0.0,0.0,__fabm_particle_MOD_request_standard_coupling_to_model
623,0.0,78.408,0.0,188.0,0.0,0.0,__fabm_particle_MOD_request_named_coupling_to_named_model
624,0.0,78.408,0.0,157.0,0.0,0.0,__fabm_particle_MOD_request_named_coupling_to_model
625,0.0,78.408,0.0,534.0,0.0,0.0,__fabm_particle_MOD_request_coupling_to_model_generic
626,0.0,78.408,0.0,51.0,0.0,0.0,__fabm_particle_MOD_register_model_dependency
627,0.0,78.408,0.0,43.0,0.0,0.0,__fabm_particle_MOD_complete_internal_variables
628,0.0,78.408,0.0,153.0,0.0,0.0,__fabm_particle_MOD_build_state_id_list
629,0.0,78.408,0.0,43.0,0.0,0.0,__fabm_particle_MOD_before_coupling
630,0.0,78.408,0.0,266.0,0.0,0.0,__fabm_particle_MOD_add_model_reference
631,0.0,78.408,0.0,43.0,0.0,0.0,__fabm_particle_MOD___deallocate_fabm_particle_Type_model_reference
632,0.0,78.408,0.0,1.0,0.0,0.0,__fabm_library_MOD_initialize
633,0.0,78.408,0.0,54.0,0.0,0.0,__fabm_library_MOD_create
634,0.0,78.408,0.0,75.0,0.0,0.0,__fabm_properties_MOD_to_logical
635,0.0,78.408,0.0,33.0,0.0,0.0,__fabm_properties_MOD_to_string
636,0.0,78.408,0.0,4.0,0.0,0.0,__fabm_types_MOD_abstract_model_factory_initialize
637,0.0,78.408,0.0,496.0,0.0,0.0,__fabm_task_order_MOD_graph_subset_node_set_collect_and_branch
638,0.0,78.408,0.0,158.0,0.0,0.0,__fabm_standard_variables_MOD_universal_standard_variable_at_interfaces
639,0.0,78.408,0.0,214.0,0.0,0.0,__fabm_standard_variables_MOD_universal_standard_variable_in_interior
640,0.0,78.408,0.0,515.0,0.0,0.0,__fabm_standard_variables_MOD_universal_standard_variable_typed_resolve
641,0.0,78.408,0.0,17.0,0.0,0.0,__fabm_task_order_MOD_find_best_order
642,0.0,78.408,0.0,498.0,0.0,0.0,__fabm_task_order_MOD_graph_subset_node_set_branch
643,0.0,78.408,0.0,518.0,0.0,0.0,__fabm_task_order_MOD_graph_subset_node_set_collect
644,0.0,78.408,0.0,22.0,0.0,0.0,__fabm_task_order_MOD_graph_subset_node_set_finalize
645,0.0,78.408,0.0,7968.0,0.0,0.0,__fabm_properties_MOD_update
646,0.0,78.408,0.0,7.0,0.0,0.0,__fabm_task_order_MOD_task_tree_node_finalize
647,0.0,78.408,0.0,6.0,0.0,0.0,__fabm_task_order_MOD_task_tree_node_get_leaf_at_depth
648,0.0,78.408,0.0,7.0,0.0,0.0,__fabm_task_order_MOD_task_tree_node_get_minimum_depth
649,0.0,78.408,0.0,150.0,0.0,0.0,__fabm_types_MOD___final_fabm_types_Type_base_model
650,0.0,78.408,0.0,18.0,0.0,0.0,__fabm_types_MOD_abstract_model_factory_add
651,0.0,78.408,0.0,54.0,0.0,0.0,__fabm_types_MOD_abstract_model_factory_create
652,0.0,78.408,0.0,143.0,0.0,0.0,__fabm_standard_variables_MOD_universal_standard_variable_at_bottom
653,0.0,78.408,0.0,8799.0,0.0,0.0,__fabm_standard_variables_MOD_standard_variable_set_update
654,0.0,78.408,0.0,2.0,0.0,0.0,__fabm_standard_variables_MOD_standard_variable_set_finalize
655,0.0,78.408,0.0,883863.0,0.0,0.0,__fabm_standard_variables_MOD_standard_variable_set_contains_variable
656,0.0,78.408,0.0,6048.0,0.0,0.0,__fabm_standard_variables_MOD_standard_variable_set_contains_name
657,0.0,78.408,0.0,109.0,0.0,0.0,__fabm_standard_variables_MOD_standard_variable_set_add
658,0.0,78.408,0.0,1.0,0.0,0.0,__fabm_standard_variables_MOD_standard_variable_collection_initialize
659,0.0,78.408,0.0,280.0,0.0,0.0,__fabm_standard_variables_MOD_domain_specific_standard_variable_typed_resolve
660,0.0,78.408,0.0,1601.0,0.0,0.0,__fabm_standard_variables_MOD_base_standard_variable_resolve
661,0.0,78.408,0.0,121.0,0.0,0.0,__fabm_standard_variables_MOD_add
662,0.0,78.408,0.0,13.0,0.0,0.0,__fabm_standard_variables_MOD___copy_5ECF9E
663,0.0,78.408,0.0,13.0,0.0,0.0,__fabm_standard_variables_MOD___copy_5DC0143
664,0.0,78.408,0.0,8.0,0.0,0.0,__fabm_standard_variables_MOD___copy_582F316
665,0.0,78.408,0.0,26.0,0.0,0.0,__fabm_standard_variables_MOD___copy_17D617
666,0.0,78.408,0.0,13.0,0.0,0.0,__fabm_standard_variables_MOD___copy_14B2D8
667,0.0,78.408,0.0,140160.0,0.0,0.0,__fabm_schedule_MOD_update
668,0.0,78.408,0.0,874.0,0.0,0.0,__fabm_schedule_MOD_attach
669,0.0,78.408,0.0,4498.0,0.0,0.0,__fabm_types_MOD_implements
